time,V,alpha,q,CL,CD,Cm,dele
0.0,30.74344686595953,-0.0006889979807818,-0.1942763213337985,0.3022395336212519,0.0369982902084486,-0.0352319605754288,-0.0452988
14.78,41.420795,0.155770306683855,0.2122457858414744,1.1959262510327264,0.0419520546718215,0.0672080290737331,0.084717
-1.478,29.675712052555483,-0.016334928447245482,-0.2349285320513258,0.21287086188010443,0.03650291376211131,-0.045475959540344994,-0.05830038
16.258,42.48852981340404,0.17141623715031867,0.2528979965590017,1.285294922773874,0.04244743111815879,0.0774520280386493,0.09771858
